Temperature - (Celsius), Year, Statistics, Country, ISO3
-25.385, 1901, Jan Average, Canada, CAN
-23.719, 1901, Feb Average, Canada, CAN
-18.934, 1901, Mar Average, Canada, CAN
-9.9643, 1901, Apr Average, Canada, CAN
0.02289, 1901, May Average, Canada, CAN
6.37951, 1901, Jun Average, Canada, CAN
10.8978, 1901, Jul Average, Canada, CAN
9.53889, 1901, Aug Average, Canada, CAN
3.31492, 1901, Sep Average, Canada, CAN
-3.3429, 1901, Oct Average, Canada, CAN
-15.185, 1901, Nov Average, Canada, CAN
-20.106, 1901, Dec Average, Canada, CAN
-23.675, 1902, Jan Average, Canada, CAN
-21.49, 1902, Feb Average, Canada, CAN
-19.807, 1902, Mar Average, Canada, CAN
-10.742, 1902, Apr Average, Canada, CAN
-0.8764, 1902, May Average, Canada, CAN
5.53744, 1902, Jun Average, Canada, CAN
10.7308, 1902, Jul Average, Canada, CAN
9.22725, 1902, Aug Average, Canada, CAN
3.17026, 1902, Sep Average, Canada, CAN
-3.5717, 1902, Oct Average, Canada, CAN
-15.464, 1902, Nov Average, Canada, CAN
-23.227, 1902, Dec Average, Canada, CAN
-24.324, 1903, Jan Average, Canada, CAN
-23.16, 1903, Feb Average, Canada, CAN
-20.038, 1903, Mar Average, Canada, CAN
-11.211, 1903, Apr Average, Canada, CAN
-1.694, 1903, May Average, Canada, CAN
7.09628, 1903, Jun Average, Canada, CAN
10.606, 1903, Jul Average, Canada, CAN
8.94099, 1903, Aug Average, Canada, CAN
2.53082, 1903, Sep Average, Canada, CAN
-4.4983, 1903, Oct Average, Canada, CAN
-14.599, 1903, Nov Average, Canada, CAN
-20.194, 1903, Dec Average, Canada, CAN
-25.953, 1904, Jan Average, Canada, CAN
-28.832, 1904, Feb Average, Canada, CAN
-21.466, 1904, Mar Average, Canada, CAN
-9.1589, 1904, Apr Average, Canada, CAN
-0.4453, 1904, May Average, Canada, CAN
6.5527, 1904, Jun Average, Canada, CAN
10.6491, 1904, Jul Average, Canada, CAN
8.9177, 1904, Aug Average, Canada, CAN
2.27902, 1904, Sep Average, Canada, CAN
-3.9277, 1904, Oct Average, Canada, CAN
-12.273, 1904, Nov Average, Canada, CAN
-20.984, 1904, Dec Average, Canada, CAN
-25.506, 1905, Jan Average, Canada, CAN
-23.658, 1905, Feb Average, Canada, CAN
-17.369, 1905, Mar Average, Canada, CAN
-8.8631, 1905, Apr Average, Canada, CAN
0.07834, 1905, May Average, Canada, CAN
6.6655, 1905, Jun Average, Canada, CAN
11.0579, 1905, Jul Average, Canada, CAN
9.59425, 1905, Aug Average, Canada, CAN
3.34147, 1905, Sep Average, Canada, CAN
-5.344, 1905, Oct Average, Canada, CAN
-12.873, 1905, Nov Average, Canada, CAN
-20.526, 1905, Dec Average, Canada, CAN
-25.238, 1906, Jan Average, Canada, CAN
-24.673, 1906, Feb Average, Canada, CAN
-19.233, 1906, Mar Average, Canada, CAN
-8.763, 1906, Apr Average, Canada, CAN
-0.4272, 1906, May Average, Canada, CAN
7.28629, 1906, Jun Average, Canada, CAN
11.8487, 1906, Jul Average, Canada, CAN
9.32755, 1906, Aug Average, Canada, CAN
3.98207, 1906, Sep Average, Canada, CAN
-3.6013, 1906, Oct Average, Canada, CAN
-14.182, 1906, Nov Average, Canada, CAN
-23.736, 1906, Dec Average, Canada, CAN
-28.388, 1907, Jan Average, Canada, CAN
-25.956, 1907, Feb Average, Canada, CAN
-20.65, 1907, Mar Average, Canada, CAN
-13.092, 1907, Apr Average, Canada, CAN
-2.0545, 1907, May Average, Canada, CAN
6.28127, 1907, Jun Average, Canada, CAN
10.3721, 1907, Jul Average, Canada, CAN
8.01909, 1907, Aug Average, Canada, CAN
2.68142, 1907, Sep Average, Canada, CAN
-4.1062, 1907, Oct Average, Canada, CAN
-13.626, 1907, Nov Average, Canada, CAN
-19.773, 1907, Dec Average, Canada, CAN
-23.367, 1908, Jan Average, Canada, CAN
-23.408, 1908, Feb Average, Canada, CAN
-21.744, 1908, Mar Average, Canada, CAN
-10.945, 1908, Apr Average, Canada, CAN
-0.5596, 1908, May Average, Canada, CAN
6.82614, 1908, Jun Average, Canada, CAN
11.5057, 1908, Jul Average, Canada, CAN
9.06858, 1908, Aug Average, Canada, CAN
4.08489, 1908, Sep Average, Canada, CAN
-4.5507, 1908, Oct Average, Canada, CAN
-13.955, 1908, Nov Average, Canada, CAN
-21.788, 1908, Dec Average, Canada, CAN
-28.513, 1909, Jan Average, Canada, CAN
-26.248, 1909, Feb Average, Canada, CAN
-18.127, 1909, Mar Average, Canada, CAN
-13.048, 1909, Apr Average, Canada, CAN
-1.1518, 1909, May Average, Canada, CAN
7.5321, 1909, Jun Average, Canada, CAN
10.8717, 1909, Jul Average, Canada, CAN
9.07962, 1909, Aug Average, Canada, CAN
4.19681, 1909, Sep Average, Canada, CAN
-4.6572, 1909, Oct Average, Canada, CAN
-15.716, 1909, Nov Average, Canada, CAN
-21.435, 1909, Dec Average, Canada, CAN
-24.01, 1910, Jan Average, Canada, CAN
-26.59, 1910, Feb Average, Canada, CAN
-17.221, 1910, Mar Average, Canada, CAN
-9.1624, 1910, Apr Average, Canada, CAN
-1.11, 1910, May Average, Canada, CAN
7.08106, 1910, Jun Average, Canada, CAN
11.0015, 1910, Jul Average, Canada, CAN
8.39765, 1910, Aug Average, Canada, CAN
3.06692, 1910, Sep Average, Canada, CAN
-3.9867, 1910, Oct Average, Canada, CAN
-14.882, 1910, Nov Average, Canada, CAN
-21.606, 1910, Dec Average, Canada, CAN
-29.159, 1911, Jan Average, Canada, CAN
-24.51, 1911, Feb Average, Canada, CAN
-18.747, 1911, Mar Average, Canada, CAN
-10.958, 1911, Apr Average, Canada, CAN
-0.0419, 1911, May Average, Canada, CAN
7.16415, 1911, Jun Average, Canada, CAN
10.8697, 1911, Jul Average, Canada, CAN
8.78218, 1911, Aug Average, Canada, CAN
2.8181, 1911, Sep Average, Canada, CAN
-3.7531, 1911, Oct Average, Canada, CAN
-16.119, 1911, Nov Average, Canada, CAN
-19.957, 1911, Dec Average, Canada, CAN
-26.615, 1912, Jan Average, Canada, CAN
-22.35, 1912, Feb Average, Canada, CAN
-20.163, 1912, Mar Average, Canada, CAN
-10.121, 1912, Apr Average, Canada, CAN
-0.1394, 1912, May Average, Canada, CAN
7.27073, 1912, Jun Average, Canada, CAN
9.96204, 1912, Jul Average, Canada, CAN
8.71782, 1912, Aug Average, Canada, CAN
3.36053, 1912, Sep Average, Canada, CAN
-4.115, 1912, Oct Average, Canada, CAN
-12.947, 1912, Nov Average, Canada, CAN
-20.628, 1912, Dec Average, Canada, CAN
-27.294, 1913, Jan Average, Canada, CAN
-24.776, 1913, Feb Average, Canada, CAN
-21.053, 1913, Mar Average, Canada, CAN
-9.5174, 1913, Apr Average, Canada, CAN
-1.2057, 1913, May Average, Canada, CAN
7.27999, 1913, Jun Average, Canada, CAN
10.3486, 1913, Jul Average, Canada, CAN
9.11124, 1913, Aug Average, Canada, CAN
2.96468, 1913, Sep Average, Canada, CAN
-5.3437, 1913, Oct Average, Canada, CAN
-13.549, 1913, Nov Average, Canada, CAN
-18.993, 1913, Dec Average, Canada, CAN
-25.084, 1914, Jan Average, Canada, CAN
-27.248, 1914, Feb Average, Canada, CAN
-19.541, 1914, Mar Average, Canada, CAN
-10.772, 1914, Apr Average, Canada, CAN
-0.4342, 1914, May Average, Canada, CAN
6.46281, 1914, Jun Average, Canada, CAN
10.9136, 1914, Jul Average, Canada, CAN
9.15665, 1914, Aug Average, Canada, CAN
3.42774, 1914, Sep Average, Canada, CAN
-2.7549, 1914, Oct Average, Canada, CAN
-13.883, 1914, Nov Average, Canada, CAN
-22.909, 1914, Dec Average, Canada, CAN
-23.619, 1915, Jan Average, Canada, CAN
-22.197, 1915, Feb Average, Canada, CAN
-17.386, 1915, Mar Average, Canada, CAN
-6.5857, 1915, Apr Average, Canada, CAN
-0.1958, 1915, May Average, Canada, CAN
6.23889, 1915, Jun Average, Canada, CAN
10.5586, 1915, Jul Average, Canada, CAN
10.2626, 1915, Aug Average, Canada, CAN
3.31367, 1915, Sep Average, Canada, CAN
-4.5772, 1915, Oct Average, Canada, CAN
-13.765, 1915, Nov Average, Canada, CAN
-19.296, 1915, Dec Average, Canada, CAN
-27.815, 1916, Jan Average, Canada, CAN
-24.478, 1916, Feb Average, Canada, CAN
-20.949, 1916, Mar Average, Canada, CAN
-9.0722, 1916, Apr Average, Canada, CAN
-0.5613, 1916, May Average, Canada, CAN
6.76428, 1916, Jun Average, Canada, CAN
11.2095, 1916, Jul Average, Canada, CAN
9.32979, 1916, Aug Average, Canada, CAN
3.74062, 1916, Sep Average, Canada, CAN
-4.8432, 1916, Oct Average, Canada, CAN
-13.734, 1916, Nov Average, Canada, CAN
-23.434, 1916, Dec Average, Canada, CAN
-27.202, 1917, Jan Average, Canada, CAN
-26.468, 1917, Feb Average, Canada, CAN
-19.305, 1917, Mar Average, Canada, CAN
-11.08, 1917, Apr Average, Canada, CAN
-1.7309, 1917, May Average, Canada, CAN
5.60884, 1917, Jun Average, Canada, CAN
10.9763, 1917, Jul Average, Canada, CAN
9.15006, 1917, Aug Average, Canada, CAN
3.78315, 1917, Sep Average, Canada, CAN
-5.9611, 1917, Oct Average, Canada, CAN
-12.204, 1917, Nov Average, Canada, CAN
-27.429, 1917, Dec Average, Canada, CAN
-26.089, 1918, Jan Average, Canada, CAN
-26.469, 1918, Feb Average, Canada, CAN
-20.48, 1918, Mar Average, Canada, CAN
-10.704, 1918, Apr Average, Canada, CAN
-2.2796, 1918, May Average, Canada, CAN
5.42742, 1918, Jun Average, Canada, CAN
10.0179, 1918, Jul Average, Canada, CAN
8.87083, 1918, Aug Average, Canada, CAN
3.60221, 1918, Sep Average, Canada, CAN
-4.893, 1918, Oct Average, Canada, CAN
-13.473, 1918, Nov Average, Canada, CAN
-20.138, 1918, Dec Average, Canada, CAN
-22.107, 1919, Jan Average, Canada, CAN
-24.728, 1919, Feb Average, Canada, CAN
-21.657, 1919, Mar Average, Canada, CAN
-9.2791, 1919, Apr Average, Canada, CAN
-0.6166, 1919, May Average, Canada, CAN
6.73953, 1919, Jun Average, Canada, CAN
10.696, 1919, Jul Average, Canada, CAN
9.82574, 1919, Aug Average, Canada, CAN
3.98373, 1919, Sep Average, Canada, CAN
-6.7542, 1919, Oct Average, Canada, CAN
-16.821, 1919, Nov Average, Canada, CAN
-22.609, 1919, Dec Average, Canada, CAN
-26.803, 1920, Jan Average, Canada, CAN
-21.01, 1920, Feb Average, Canada, CAN
-19.943, 1920, Mar Average, Canada, CAN
-12.146, 1920, Apr Average, Canada, CAN
-1.3147, 1920, May Average, Canada, CAN
6.38426, 1920, Jun Average, Canada, CAN
11.2838, 1920, Jul Average, Canada, CAN
9.54204, 1920, Aug Average, Canada, CAN
3.67123, 1920, Sep Average, Canada, CAN
-4.2185, 1920, Oct Average, Canada, CAN
-14.087, 1920, Nov Average, Canada, CAN
-21.017, 1920, Dec Average, Canada, CAN
-24.535, 1921, Jan Average, Canada, CAN
-23.411, 1921, Feb Average, Canada, CAN
-20.546, 1921, Mar Average, Canada, CAN
-9.5002, 1921, Apr Average, Canada, CAN
-0.1774, 1921, May Average, Canada, CAN
7.91654, 1921, Jun Average, Canada, CAN
11.6601, 1921, Jul Average, Canada, CAN
8.82026, 1921, Aug Average, Canada, CAN
3.30247, 1921, Sep Average, Canada, CAN
-3.54, 1921, Oct Average, Canada, CAN
-16.191, 1921, Nov Average, Canada, CAN
-20.617, 1921, Dec Average, Canada, CAN
-24.033, 1922, Jan Average, Canada, CAN
-27.809, 1922, Feb Average, Canada, CAN
-20.448, 1922, Mar Average, Canada, CAN
-10.363, 1922, Apr Average, Canada, CAN
0.07714, 1922, May Average, Canada, CAN
6.25132, 1922, Jun Average, Canada, CAN
10.5075, 1922, Jul Average, Canada, CAN
9.2936, 1922, Aug Average, Canada, CAN
3.41041, 1922, Sep Average, Canada, CAN
-5.3541, 1922, Oct Average, Canada, CAN
-12.973, 1922, Nov Average, Canada, CAN
-24.164, 1922, Dec Average, Canada, CAN
-26.778, 1923, Jan Average, Canada, CAN
-24.849, 1923, Feb Average, Canada, CAN
-24.072, 1923, Mar Average, Canada, CAN
-10.629, 1923, Apr Average, Canada, CAN
-0.5584, 1923, May Average, Canada, CAN
7.98424, 1923, Jun Average, Canada, CAN
10.9599, 1923, Jul Average, Canada, CAN
8.67383, 1923, Aug Average, Canada, CAN
4.30652, 1923, Sep Average, Canada, CAN
-2.3202, 1923, Oct Average, Canada, CAN
-11.108, 1923, Nov Average, Canada, CAN
-20.638, 1923, Dec Average, Canada, CAN
-26.285, 1924, Jan Average, Canada, CAN
-22.467, 1924, Feb Average, Canada, CAN
-15.2, 1924, Mar Average, Canada, CAN
-10.398, 1924, Apr Average, Canada, CAN
0.63409, 1924, May Average, Canada, CAN
6.85591, 1924, Jun Average, Canada, CAN
10.4822, 1924, Jul Average, Canada, CAN
9.10319, 1924, Aug Average, Canada, CAN
3.78004, 1924, Sep Average, Canada, CAN
-3.6403, 1924, Oct Average, Canada, CAN
-14.292, 1924, Nov Average, Canada, CAN
-24.409, 1924, Dec Average, Canada, CAN
-28.805, 1925, Jan Average, Canada, CAN
-25.626, 1925, Feb Average, Canada, CAN
-19.324, 1925, Mar Average, Canada, CAN
-8.7366, 1925, Apr Average, Canada, CAN
-0.1087, 1925, May Average, Canada, CAN
7.08102, 1925, Jun Average, Canada, CAN
10.9592, 1925, Jul Average, Canada, CAN
9.52073, 1925, Aug Average, Canada, CAN
3.53061, 1925, Sep Average, Canada, CAN
-6.0154, 1925, Oct Average, Canada, CAN
-13.504, 1925, Nov Average, Canada, CAN
-17.709, 1925, Dec Average, Canada, CAN
-22.076, 1926, Jan Average, Canada, CAN
-23.033, 1926, Feb Average, Canada, CAN
-18.494, 1926, Mar Average, Canada, CAN
-10.335, 1926, Apr Average, Canada, CAN
0.01857, 1926, May Average, Canada, CAN
6.81581, 1926, Jun Average, Canada, CAN
10.7729, 1926, Jul Average, Canada, CAN
8.85059, 1926, Aug Average, Canada, CAN
2.4372, 1926, Sep Average, Canada, CAN
-3.5922, 1926, Oct Average, Canada, CAN
-14.237, 1926, Nov Average, Canada, CAN
-22.173, 1926, Dec Average, Canada, CAN
-24.856, 1927, Jan Average, Canada, CAN
-23.902, 1927, Feb Average, Canada, CAN
-17.264, 1927, Mar Average, Canada, CAN
-10.141, 1927, Apr Average, Canada, CAN
-0.9724, 1927, May Average, Canada, CAN
6.77698, 1927, Jun Average, Canada, CAN
11.0848, 1927, Jul Average, Canada, CAN
9.31126, 1927, Aug Average, Canada, CAN
3.91736, 1927, Sep Average, Canada, CAN
-3.489, 1927, Oct Average, Canada, CAN
-16.858, 1927, Nov Average, Canada, CAN
-24.46, 1927, Dec Average, Canada, CAN
-23.368, 1928, Jan Average, Canada, CAN
-21.832, 1928, Feb Average, Canada, CAN
-18.657, 1928, Mar Average, Canada, CAN
-12.201, 1928, Apr Average, Canada, CAN
0.54162, 1928, May Average, Canada, CAN
7.19991, 1928, Jun Average, Canada, CAN
11.1273, 1928, Jul Average, Canada, CAN
8.76776, 1928, Aug Average, Canada, CAN
3.46119, 1928, Sep Average, Canada, CAN
-4.4016, 1928, Oct Average, Canada, CAN
-11.634, 1928, Nov Average, Canada, CAN
-17.91, 1928, Dec Average, Canada, CAN
-25.853, 1929, Jan Average, Canada, CAN
-24.538, 1929, Feb Average, Canada, CAN
-19.261, 1929, Mar Average, Canada, CAN
-10.348, 1929, Apr Average, Canada, CAN
-1.214, 1929, May Average, Canada, CAN
6.63531, 1929, Jun Average, Canada, CAN
10.2526, 1929, Jul Average, Canada, CAN
9.5741, 1929, Aug Average, Canada, CAN
3.54317, 1929, Sep Average, Canada, CAN
-2.751, 1929, Oct Average, Canada, CAN
-13.945, 1929, Nov Average, Canada, CAN
-23.008, 1929, Dec Average, Canada, CAN
-26.638, 1930, Jan Average, Canada, CAN
-23.821, 1930, Feb Average, Canada, CAN
-18.324, 1930, Mar Average, Canada, CAN
-9.4899, 1930, Apr Average, Canada, CAN
-0.1688, 1930, May Average, Canada, CAN
7.89453, 1930, Jun Average, Canada, CAN
11.6734, 1930, Jul Average, Canada, CAN
10.4228, 1930, Aug Average, Canada, CAN
4.03668, 1930, Sep Average, Canada, CAN
-4.3285, 1930, Oct Average, Canada, CAN
-12.441, 1930, Nov Average, Canada, CAN
-18.298, 1930, Dec Average, Canada, CAN
-22.263, 1931, Jan Average, Canada, CAN
-20.42, 1931, Feb Average, Canada, CAN
-19.593, 1931, Mar Average, Canada, CAN
-9.1864, 1931, Apr Average, Canada, CAN
-0.5487, 1931, May Average, Canada, CAN
8.0082, 1931, Jun Average, Canada, CAN
12.3451, 1931, Jul Average, Canada, CAN
9.60178, 1931, Aug Average, Canada, CAN
4.71598, 1931, Sep Average, Canada, CAN
-2.2753, 1931, Oct Average, Canada, CAN
-12.709, 1931, Nov Average, Canada, CAN
-19.656, 1931, Dec Average, Canada, CAN
-24.286, 1932, Jan Average, Canada, CAN
-26.353, 1932, Feb Average, Canada, CAN
-19.835, 1932, Mar Average, Canada, CAN
-8.9898, 1932, Apr Average, Canada, CAN
1.08628, 1932, May Average, Canada, CAN
7.69046, 1932, Jun Average, Canada, CAN
10.8062, 1932, Jul Average, Canada, CAN
10.6506, 1932, Aug Average, Canada, CAN
4.56247, 1932, Sep Average, Canada, CAN
-4.6119, 1932, Oct Average, Canada, CAN
-16.671, 1932, Nov Average, Canada, CAN
-22.202, 1932, Dec Average, Canada, CAN
-25.714, 1933, Jan Average, Canada, CAN
-25.192, 1933, Feb Average, Canada, CAN
-19.129, 1933, Mar Average, Canada, CAN
-10.064, 1933, Apr Average, Canada, CAN
-0.4018, 1933, May Average, Canada, CAN
6.3123, 1933, Jun Average, Canada, CAN
10.5111, 1933, Jul Average, Canada, CAN
10.5, 1933, Aug Average, Canada, CAN
3.71955, 1933, Sep Average, Canada, CAN
-5.4511, 1933, Oct Average, Canada, CAN
-16.375, 1933, Nov Average, Canada, CAN
-28.507, 1933, Dec Average, Canada, CAN
-25.359, 1934, Jan Average, Canada, CAN
-23.196, 1934, Feb Average, Canada, CAN
-20.446, 1934, Mar Average, Canada, CAN
-9.041, 1934, Apr Average, Canada, CAN
0.02493, 1934, May Average, Canada, CAN
6.43387, 1934, Jun Average, Canada, CAN
10.7246, 1934, Jul Average, Canada, CAN
8.52276, 1934, Aug Average, Canada, CAN
2.5459, 1934, Sep Average, Canada, CAN
-3.8274, 1934, Oct Average, Canada, CAN
-13.021, 1934, Nov Average, Canada, CAN
-21.732, 1934, Dec Average, Canada, CAN
-28.168, 1935, Jan Average, Canada, CAN
-20.768, 1935, Feb Average, Canada, CAN
-20.598, 1935, Mar Average, Canada, CAN
-10.784, 1935, Apr Average, Canada, CAN
-0.5343, 1935, May Average, Canada, CAN
7.1247, 1935, Jun Average, Canada, CAN
11.8512, 1935, Jul Average, Canada, CAN
9.36172, 1935, Aug Average, Canada, CAN
3.83433, 1935, Sep Average, Canada, CAN
-5.0643, 1935, Oct Average, Canada, CAN
-17.067, 1935, Nov Average, Canada, CAN
-20.814, 1935, Dec Average, Canada, CAN
-27.163, 1936, Jan Average, Canada, CAN
-27.742, 1936, Feb Average, Canada, CAN
-17.277, 1936, Mar Average, Canada, CAN
-11.427, 1936, Apr Average, Canada, CAN
-0.506, 1936, May Average, Canada, CAN
7.16263, 1936, Jun Average, Canada, CAN
11.6319, 1936, Jul Average, Canada, CAN
9.69886, 1936, Aug Average, Canada, CAN
3.11989, 1936, Sep Average, Canada, CAN
-6.2802, 1936, Oct Average, Canada, CAN
-14.762, 1936, Nov Average, Canada, CAN
-23.164, 1936, Dec Average, Canada, CAN
-26.22, 1937, Jan Average, Canada, CAN
-23.709, 1937, Feb Average, Canada, CAN
-16.819, 1937, Mar Average, Canada, CAN
-8.1373, 1937, Apr Average, Canada, CAN
0.78366, 1937, May Average, Canada, CAN
8.21113, 1937, Jun Average, Canada, CAN
11.5201, 1937, Jul Average, Canada, CAN
9.35185, 1937, Aug Average, Canada, CAN
4.1985, 1937, Sep Average, Canada, CAN
-3.4002, 1937, Oct Average, Canada, CAN
-14.031, 1937, Nov Average, Canada, CAN
-22.841, 1937, Dec Average, Canada, CAN
-23.872, 1938, Jan Average, Canada, CAN
-25.203, 1938, Feb Average, Canada, CAN
-17.361, 1938, Mar Average, Canada, CAN
-10.346, 1938, Apr Average, Canada, CAN
0.6678, 1938, May Average, Canada, CAN
7.7089, 1938, Jun Average, Canada, CAN
11.999, 1938, Jul Average, Canada, CAN
9.66164, 1938, Aug Average, Canada, CAN
6.10779, 1938, Sep Average, Canada, CAN
-1.7537, 1938, Oct Average, Canada, CAN
-13.652, 1938, Nov Average, Canada, CAN
-19.135, 1938, Dec Average, Canada, CAN
-22.564, 1939, Jan Average, Canada, CAN
-27.848, 1939, Feb Average, Canada, CAN
-21.46, 1939, Mar Average, Canada, CAN
-8.2817, 1939, Apr Average, Canada, CAN
0.42782, 1939, May Average, Canada, CAN
6.65596, 1939, Jun Average, Canada, CAN
11.137, 1939, Jul Average, Canada, CAN
10.1121, 1939, Aug Average, Canada, CAN
3.00467, 1939, Sep Average, Canada, CAN
-6.1979, 1939, Oct Average, Canada, CAN
-12.612, 1939, Nov Average, Canada, CAN
-16.545, 1939, Dec Average, Canada, CAN
-20.568, 1940, Jan Average, Canada, CAN
-21.352, 1940, Feb Average, Canada, CAN
-17.082, 1940, Mar Average, Canada, CAN
-7.8882, 1940, Apr Average, Canada, CAN
0.32243, 1940, May Average, Canada, CAN
6.0878, 1940, Jun Average, Canada, CAN
11.1896, 1940, Jul Average, Canada, CAN
9.7443, 1940, Aug Average, Canada, CAN
5.92006, 1940, Sep Average, Canada, CAN
-2.9499, 1940, Oct Average, Canada, CAN
-15.372, 1940, Nov Average, Canada, CAN
-20.79, 1940, Dec Average, Canada, CAN
-23.199, 1941, Jan Average, Canada, CAN
-20.225, 1941, Feb Average, Canada, CAN
-18.008, 1941, Mar Average, Canada, CAN
-8.6005, 1941, Apr Average, Canada, CAN
0.19695, 1941, May Average, Canada, CAN
7.76862, 1941, Jun Average, Canada, CAN
12.0333, 1941, Jul Average, Canada, CAN
9.15066, 1941, Aug Average, Canada, CAN
2.44742, 1941, Sep Average, Canada, CAN
-4.6473, 1941, Oct Average, Canada, CAN
-15.447, 1941, Nov Average, Canada, CAN
-20.565, 1941, Dec Average, Canada, CAN
-21.675, 1942, Jan Average, Canada, CAN
-23.219, 1942, Feb Average, Canada, CAN
-14.893, 1942, Mar Average, Canada, CAN
-9.0615, 1942, Apr Average, Canada, CAN
0.65713, 1942, May Average, Canada, CAN
7.17333, 1942, Jun Average, Canada, CAN
10.9481, 1942, Jul Average, Canada, CAN
9.48999, 1942, Aug Average, Canada, CAN
3.53629, 1942, Sep Average, Canada, CAN
-2.0103, 1942, Oct Average, Canada, CAN
-14.989, 1942, Nov Average, Canada, CAN
-23.122, 1942, Dec Average, Canada, CAN
-25.858, 1943, Jan Average, Canada, CAN
-22.45, 1943, Feb Average, Canada, CAN
-21.312, 1943, Mar Average, Canada, CAN
-8.8595, 1943, Apr Average, Canada, CAN
-1.1, 1943, May Average, Canada, CAN
6.7267, 1943, Jun Average, Canada, CAN
11.3167, 1943, Jul Average, Canada, CAN
9.95534, 1943, Aug Average, Canada, CAN
4.08687, 1943, Sep Average, Canada, CAN
-1.9224, 1943, Oct Average, Canada, CAN
-10.86, 1943, Nov Average, Canada, CAN
-19.069, 1943, Dec Average, Canada, CAN
-19.466, 1944, Jan Average, Canada, CAN
-23.266, 1944, Feb Average, Canada, CAN
-19.127, 1944, Mar Average, Canada, CAN
-7.5732, 1944, Apr Average, Canada, CAN
0.68512, 1944, May Average, Canada, CAN
7.43885, 1944, Jun Average, Canada, CAN
10.9481, 1944, Jul Average, Canada, CAN
9.93925, 1944, Aug Average, Canada, CAN
4.56252, 1944, Sep Average, Canada, CAN
-2.7956, 1944, Oct Average, Canada, CAN
-12.862, 1944, Nov Average, Canada, CAN
-19.068, 1944, Dec Average, Canada, CAN
-22.221, 1945, Jan Average, Canada, CAN
-21.298, 1945, Feb Average, Canada, CAN
-15.339, 1945, Mar Average, Canada, CAN
-12.161, 1945, Apr Average, Canada, CAN
-1.2903, 1945, May Average, Canada, CAN
6.45478, 1945, Jun Average, Canada, CAN
10.8586, 1945, Jul Average, Canada, CAN
9.94772, 1945, Aug Average, Canada, CAN
2.68982, 1945, Sep Average, Canada, CAN
-3.6111, 1945, Oct Average, Canada, CAN
-16.199, 1945, Nov Average, Canada, CAN
-22.41, 1945, Dec Average, Canada, CAN
-25.038, 1946, Jan Average, Canada, CAN
-25.445, 1946, Feb Average, Canada, CAN
-15.155, 1946, Mar Average, Canada, CAN
-9.4265, 1946, Apr Average, Canada, CAN
0.41353, 1946, May Average, Canada, CAN
6.84476, 1946, Jun Average, Canada, CAN
10.6871, 1946, Jul Average, Canada, CAN
9.83351, 1946, Aug Average, Canada, CAN
3.47939, 1946, Sep Average, Canada, CAN
-4.5329, 1946, Oct Average, Canada, CAN
-14.795, 1946, Nov Average, Canada, CAN
-22.941, 1946, Dec Average, Canada, CAN
-24.276, 1947, Jan Average, Canada, CAN
-22.257, 1947, Feb Average, Canada, CAN
-15.631, 1947, Mar Average, Canada, CAN
-11.503, 1947, Apr Average, Canada, CAN
-1.6045, 1947, May Average, Canada, CAN
6.29471, 1947, Jun Average, Canada, CAN
11.2327, 1947, Jul Average, Canada, CAN
8.68403, 1947, Aug Average, Canada, CAN
3.1213, 1947, Sep Average, Canada, CAN
-1.6571, 1947, Oct Average, Canada, CAN
-11.95, 1947, Nov Average, Canada, CAN
-19.128, 1947, Dec Average, Canada, CAN
-22.64, 1948, Jan Average, Canada, CAN
-26.303, 1948, Feb Average, Canada, CAN
-21.569, 1948, Mar Average, Canada, CAN
-12.241, 1948, Apr Average, Canada, CAN
0.48763, 1948, May Average, Canada, CAN
7.78889, 1948, Jun Average, Canada, CAN
11.8363, 1948, Jul Average, Canada, CAN
10.0863, 1948, Aug Average, Canada, CAN
4.93246, 1948, Sep Average, Canada, CAN
-2.631, 1948, Oct Average, Canada, CAN
-12.186, 1948, Nov Average, Canada, CAN
-23.411, 1948, Dec Average, Canada, CAN
-24.748, 1949, Jan Average, Canada, CAN
-27.664, 1949, Feb Average, Canada, CAN
-17.337, 1949, Mar Average, Canada, CAN
-8.5049, 1949, Apr Average, Canada, CAN
-1.1595, 1949, May Average, Canada, CAN
6.72646, 1949, Jun Average, Canada, CAN
10.6584, 1949, Jul Average, Canada, CAN
10.3088, 1949, Aug Average, Canada, CAN
4.2098, 1949, Sep Average, Canada, CAN
-4.2545, 1949, Oct Average, Canada, CAN
-12.027, 1949, Nov Average, Canada, CAN
-22.12, 1949, Dec Average, Canada, CAN
-30.167, 1950, Jan Average, Canada, CAN
-25.57, 1950, Feb Average, Canada, CAN
-18.587, 1950, Mar Average, Canada, CAN
-11.414, 1950, Apr Average, Canada, CAN
-0.2311, 1950, May Average, Canada, CAN
6.89116, 1950, Jun Average, Canada, CAN
10.626, 1950, Jul Average, Canada, CAN
8.5658, 1950, Aug Average, Canada, CAN
4.07404, 1950, Sep Average, Canada, CAN
-5.512, 1950, Oct Average, Canada, CAN
-15.826, 1950, Nov Average, Canada, CAN
-20.004, 1950, Dec Average, Canada, CAN
-25.888, 1951, Jan Average, Canada, CAN
-24.281, 1951, Feb Average, Canada, CAN
-19.565, 1951, Mar Average, Canada, CAN
-8.7454, 1951, Apr Average, Canada, CAN
0.75935, 1951, May Average, Canada, CAN
6.88867, 1951, Jun Average, Canada, CAN
10.96, 1951, Jul Average, Canada, CAN
9.76006, 1951, Aug Average, Canada, CAN
4.04191, 1951, Sep Average, Canada, CAN
-5.511, 1951, Oct Average, Canada, CAN
-14.898, 1951, Nov Average, Canada, CAN
-23.999, 1951, Dec Average, Canada, CAN
-26.942, 1952, Jan Average, Canada, CAN
-22.767, 1952, Feb Average, Canada, CAN
-18.052, 1952, Mar Average, Canada, CAN
-7.0386, 1952, Apr Average, Canada, CAN
2.09569, 1952, May Average, Canada, CAN
7.5728, 1952, Jun Average, Canada, CAN
11.148, 1952, Jul Average, Canada, CAN
9.20712, 1952, Aug Average, Canada, CAN
3.47021, 1952, Sep Average, Canada, CAN
-4.316, 1952, Oct Average, Canada, CAN
-11.771, 1952, Nov Average, Canada, CAN
-16.699, 1952, Dec Average, Canada, CAN
-25.868, 1953, Jan Average, Canada, CAN
-20.229, 1953, Feb Average, Canada, CAN
-17.199, 1953, Mar Average, Canada, CAN
-7.1223, 1953, Apr Average, Canada, CAN
0.22777, 1953, May Average, Canada, CAN
6.84621, 1953, Jun Average, Canada, CAN
10.8157, 1953, Jul Average, Canada, CAN
10.2843, 1953, Aug Average, Canada, CAN
3.91984, 1953, Sep Average, Canada, CAN
-3.5497, 1953, Oct Average, Canada, CAN
-11.493, 1953, Nov Average, Canada, CAN
-20.871, 1953, Dec Average, Canada, CAN
-28.434, 1954, Jan Average, Canada, CAN
-21.008, 1954, Feb Average, Canada, CAN
-18.054, 1954, Mar Average, Canada, CAN
-12.954, 1954, Apr Average, Canada, CAN
-0.3915, 1954, May Average, Canada, CAN
7.31068, 1954, Jun Average, Canada, CAN
11.3664, 1954, Jul Average, Canada, CAN
10.6686, 1954, Aug Average, Canada, CAN
4.38948, 1954, Sep Average, Canada, CAN
-3.474, 1954, Oct Average, Canada, CAN
-11.691, 1954, Nov Average, Canada, CAN
-19.637, 1954, Dec Average, Canada, CAN
-22.474, 1955, Jan Average, Canada, CAN
-24.738, 1955, Feb Average, Canada, CAN
-21.556, 1955, Mar Average, Canada, CAN
-8.1011, 1955, Apr Average, Canada, CAN
-0.0515, 1955, May Average, Canada, CAN
8.42919, 1955, Jun Average, Canada, CAN
11.5567, 1955, Jul Average, Canada, CAN
9.87355, 1955, Aug Average, Canada, CAN
3.33361, 1955, Sep Average, Canada, CAN
-2.2639, 1955, Oct Average, Canada, CAN
-16.848, 1955, Nov Average, Canada, CAN
-23.182, 1955, Dec Average, Canada, CAN
-23.629, 1956, Jan Average, Canada, CAN
-23.848, 1956, Feb Average, Canada, CAN
-19.969, 1956, Mar Average, Canada, CAN
-9.5807, 1956, Apr Average, Canada, CAN
-2.3722, 1956, May Average, Canada, CAN
6.7466, 1956, Jun Average, Canada, CAN
10.9964, 1956, Jul Average, Canada, CAN
9.10694, 1956, Aug Average, Canada, CAN
2.15858, 1956, Sep Average, Canada, CAN
-5.4911, 1956, Oct Average, Canada, CAN
-13.72, 1956, Nov Average, Canada, CAN
-23.568, 1956, Dec Average, Canada, CAN
-27.093, 1957, Jan Average, Canada, CAN
-23.642, 1957, Feb Average, Canada, CAN
-16.35, 1957, Mar Average, Canada, CAN
-9.9432, 1957, Apr Average, Canada, CAN
-1.1884, 1957, May Average, Canada, CAN
6.61404, 1957, Jun Average, Canada, CAN
10.9601, 1957, Jul Average, Canada, CAN
9.64976, 1957, Aug Average, Canada, CAN
4.60122, 1957, Sep Average, Canada, CAN
-3.9713, 1957, Oct Average, Canada, CAN
-14.175, 1957, Nov Average, Canada, CAN
-21.959, 1957, Dec Average, Canada, CAN
-19.872, 1958, Jan Average, Canada, CAN
-24.364, 1958, Feb Average, Canada, CAN
-15.744, 1958, Mar Average, Canada, CAN
-9.8037, 1958, Apr Average, Canada, CAN
0.80985, 1958, May Average, Canada, CAN
6.80761, 1958, Jun Average, Canada, CAN
11.2831, 1958, Jul Average, Canada, CAN
10.198, 1958, Aug Average, Canada, CAN
4.23913, 1958, Sep Average, Canada, CAN
-3.5659, 1958, Oct Average, Canada, CAN
-14.85, 1958, Nov Average, Canada, CAN
-21.76, 1958, Dec Average, Canada, CAN
-24.601, 1959, Jan Average, Canada, CAN
-23.921, 1959, Feb Average, Canada, CAN
-19.115, 1959, Mar Average, Canada, CAN
-9.9919, 1959, Apr Average, Canada, CAN
-1.717, 1959, May Average, Canada, CAN
6.39038, 1959, Jun Average, Canada, CAN
11.2044, 1959, Jul Average, Canada, CAN
8.63385, 1959, Aug Average, Canada, CAN
3.5565, 1959, Sep Average, Canada, CAN
-6.5506, 1959, Oct Average, Canada, CAN
-15.025, 1959, Nov Average, Canada, CAN
-17.627, 1959, Dec Average, Canada, CAN
-23.752, 1960, Jan Average, Canada, CAN
-20.399, 1960, Feb Average, Canada, CAN
-21.141, 1960, Mar Average, Canada, CAN
-10.03, 1960, Apr Average, Canada, CAN
1.15249, 1960, May Average, Canada, CAN
8.07571, 1960, Jun Average, Canada, CAN
11.4481, 1960, Jul Average, Canada, CAN
10.1945, 1960, Aug Average, Canada, CAN
4.0951, 1960, Sep Average, Canada, CAN
-3.4975, 1960, Oct Average, Canada, CAN
-14.641, 1960, Nov Average, Canada, CAN
-19.395, 1960, Dec Average, Canada, CAN
-24.571, 1961, Jan Average, Canada, CAN
-22.812, 1961, Feb Average, Canada, CAN
-20.402, 1961, Mar Average, Canada, CAN
-9.99, 1961, Apr Average, Canada, CAN
-1.0889, 1961, May Average, Canada, CAN
7.98074, 1961, Jun Average, Canada, CAN
11.8307, 1961, Jul Average, Canada, CAN
9.95905, 1961, Aug Average, Canada, CAN
2.35583, 1961, Sep Average, Canada, CAN
-5.5373, 1961, Oct Average, Canada, CAN
-13.965, 1961, Nov Average, Canada, CAN
-22.447, 1961, Dec Average, Canada, CAN
-25.147, 1962, Jan Average, Canada, CAN
-26.176, 1962, Feb Average, Canada, CAN
-17.012, 1962, Mar Average, Canada, CAN
-10.372, 1962, Apr Average, Canada, CAN
-1.5125, 1962, May Average, Canada, CAN
7.66347, 1962, Jun Average, Canada, CAN
11.1933, 1962, Jul Average, Canada, CAN
9.97706, 1962, Aug Average, Canada, CAN
3.81487, 1962, Sep Average, Canada, CAN
-2.9192, 1962, Oct Average, Canada, CAN
-13.328, 1962, Nov Average, Canada, CAN
-19.902, 1962, Dec Average, Canada, CAN
-25.084, 1963, Jan Average, Canada, CAN
-22.26, 1963, Feb Average, Canada, CAN
-20.755, 1963, Mar Average, Canada, CAN
-8.0559, 1963, Apr Average, Canada, CAN
-0.9699, 1963, May Average, Canada, CAN
6.93811, 1963, Jun Average, Canada, CAN
11.3588, 1963, Jul Average, Canada, CAN
9.88815, 1963, Aug Average, Canada, CAN
3.34786, 1963, Sep Average, Canada, CAN
-2.2787, 1963, Oct Average, Canada, CAN
-13.216, 1963, Nov Average, Canada, CAN
-20.425, 1963, Dec Average, Canada, CAN
-23.948, 1964, Jan Average, Canada, CAN
-21.172, 1964, Feb Average, Canada, CAN
-23.057, 1964, Mar Average, Canada, CAN
-11.352, 1964, Apr Average, Canada, CAN
-0.3296, 1964, May Average, Canada, CAN
6.59702, 1964, Jun Average, Canada, CAN
10.9128, 1964, Jul Average, Canada, CAN
9.13159, 1964, Aug Average, Canada, CAN
3.02751, 1964, Sep Average, Canada, CAN
-4.2525, 1964, Oct Average, Canada, CAN
-14.059, 1964, Nov Average, Canada, CAN
-23.655, 1964, Dec Average, Canada, CAN
-25.537, 1965, Jan Average, Canada, CAN
-25.93, 1965, Feb Average, Canada, CAN
-18.356, 1965, Mar Average, Canada, CAN
-9.518, 1965, Apr Average, Canada, CAN
0.26096, 1965, May Average, Canada, CAN
6.39495, 1965, Jun Average, Canada, CAN
10.4211, 1965, Jul Average, Canada, CAN
9.09029, 1965, Aug Average, Canada, CAN
1.67912, 1965, Sep Average, Canada, CAN
-4.8344, 1965, Oct Average, Canada, CAN
-14.348, 1965, Nov Average, Canada, CAN
-20.488, 1965, Dec Average, Canada, CAN
-28.367, 1966, Jan Average, Canada, CAN
-22.301, 1966, Feb Average, Canada, CAN
-17.737, 1966, Mar Average, Canada, CAN
-11.156, 1966, Apr Average, Canada, CAN
-0.0794, 1966, May Average, Canada, CAN
7.36513, 1966, Jun Average, Canada, CAN
11.3856, 1966, Jul Average, Canada, CAN
9.94965, 1966, Aug Average, Canada, CAN
4.80353, 1966, Sep Average, Canada, CAN
-5.0467, 1966, Oct Average, Canada, CAN
-17.123, 1966, Nov Average, Canada, CAN
-20.502, 1966, Dec Average, Canada, CAN
-24.572, 1967, Jan Average, Canada, CAN
-26.08, 1967, Feb Average, Canada, CAN
-20.939, 1967, Mar Average, Canada, CAN
-11.68, 1967, Apr Average, Canada, CAN
-0.4472, 1967, May Average, Canada, CAN
6.86649, 1967, Jun Average, Canada, CAN
10.7277, 1967, Jul Average, Canada, CAN
9.82366, 1967, Aug Average, Canada, CAN
4.30979, 1967, Sep Average, Canada, CAN
-3.7117, 1967, Oct Average, Canada, CAN
-14.394, 1967, Nov Average, Canada, CAN
-19.074, 1967, Dec Average, Canada, CAN
-25.867, 1968, Jan Average, Canada, CAN
-22.834, 1968, Feb Average, Canada, CAN
-16.238, 1968, Mar Average, Canada, CAN
-9.5142, 1968, Apr Average, Canada, CAN
-0.4307, 1968, May Average, Canada, CAN
6.8734, 1968, Jun Average, Canada, CAN
10.209, 1968, Jul Average, Canada, CAN
8.38413, 1968, Aug Average, Canada, CAN
4.70434, 1968, Sep Average, Canada, CAN
-2.2533, 1968, Oct Average, Canada, CAN
-13.354, 1968, Nov Average, Canada, CAN
-22.107, 1968, Dec Average, Canada, CAN
-26.245, 1969, Jan Average, Canada, CAN
-20.471, 1969, Feb Average, Canada, CAN
-18.649, 1969, Mar Average, Canada, CAN
-8.8256, 1969, Apr Average, Canada, CAN
-0.8253, 1969, May Average, Canada, CAN
6.10342, 1969, Jun Average, Canada, CAN
10.7491, 1969, Jul Average, Canada, CAN
9.96338, 1969, Aug Average, Canada, CAN
3.23964, 1969, Sep Average, Canada, CAN
-3.7603, 1969, Oct Average, Canada, CAN
-13.472, 1969, Nov Average, Canada, CAN
-16.841, 1969, Dec Average, Canada, CAN
-24.875, 1970, Jan Average, Canada, CAN
-22.899, 1970, Feb Average, Canada, CAN
-17.491, 1970, Mar Average, Canada, CAN
-10.191, 1970, Apr Average, Canada, CAN
-1.5701, 1970, May Average, Canada, CAN
7.58099, 1970, Jun Average, Canada, CAN
11.5285, 1970, Jul Average, Canada, CAN
10.0692, 1970, Aug Average, Canada, CAN
3.29204, 1970, Sep Average, Canada, CAN
-3.6619, 1970, Oct Average, Canada, CAN
-13.886, 1970, Nov Average, Canada, CAN
-24.38, 1970, Dec Average, Canada, CAN
-26.33, 1971, Jan Average, Canada, CAN
-22.421, 1971, Feb Average, Canada, CAN
-17.93, 1971, Mar Average, Canada, CAN
-8.9378, 1971, Apr Average, Canada, CAN
0.53579, 1971, May Average, Canada, CAN
8.10098, 1971, Jun Average, Canada, CAN
11.1785, 1971, Jul Average, Canada, CAN
9.71501, 1971, Aug Average, Canada, CAN
4.15823, 1971, Sep Average, Canada, CAN
-2.9688, 1971, Oct Average, Canada, CAN
-14.836, 1971, Nov Average, Canada, CAN
-24.332, 1971, Dec Average, Canada, CAN
-28.23, 1972, Jan Average, Canada, CAN
-27.361, 1972, Feb Average, Canada, CAN
-19.487, 1972, Mar Average, Canada, CAN
-11.796, 1972, Apr Average, Canada, CAN
-0.8731, 1972, May Average, Canada, CAN
6.43294, 1972, Jun Average, Canada, CAN
9.90242, 1972, Jul Average, Canada, CAN
9.42089, 1972, Aug Average, Canada, CAN
1.23856, 1972, Sep Average, Canada, CAN
-6.5425, 1972, Oct Average, Canada, CAN
-15.055, 1972, Nov Average, Canada, CAN
-25.063, 1972, Dec Average, Canada, CAN
-23.352, 1973, Jan Average, Canada, CAN
-24.388, 1973, Feb Average, Canada, CAN
-17.157, 1973, Mar Average, Canada, CAN
-9.8949, 1973, Apr Average, Canada, CAN
1.07998, 1973, May Average, Canada, CAN
8.19086, 1973, Jun Average, Canada, CAN
11.7949, 1973, Jul Average, Canada, CAN
10.6666, 1973, Aug Average, Canada, CAN
4.43114, 1973, Sep Average, Canada, CAN
-2.3463, 1973, Oct Average, Canada, CAN
-14.706, 1973, Nov Average, Canada, CAN
-20.48, 1973, Dec Average, Canada, CAN
-27.54, 1974, Jan Average, Canada, CAN
-24.226, 1974, Feb Average, Canada, CAN
-21.753, 1974, Mar Average, Canada, CAN
-11.256, 1974, Apr Average, Canada, CAN
-1.0459, 1974, May Average, Canada, CAN
7.31352, 1974, Jun Average, Canada, CAN
11.2722, 1974, Jul Average, Canada, CAN
9.17346, 1974, Aug Average, Canada, CAN
2.18441, 1974, Sep Average, Canada, CAN
-6.1118, 1974, Oct Average, Canada, CAN
-12.821, 1974, Nov Average, Canada, CAN
-19.522, 1974, Dec Average, Canada, CAN
-26.789, 1975, Jan Average, Canada, CAN
-23.189, 1975, Feb Average, Canada, CAN
-20.052, 1975, Mar Average, Canada, CAN
-9.3225, 1975, Apr Average, Canada, CAN
1.21606, 1975, May Average, Canada, CAN
8.81592, 1975, Jun Average, Canada, CAN
12.066, 1975, Jul Average, Canada, CAN
9.5822, 1975, Aug Average, Canada, CAN
3.57332, 1975, Sep Average, Canada, CAN
-4.0942, 1975, Oct Average, Canada, CAN
-14.629, 1975, Nov Average, Canada, CAN
-22.847, 1975, Dec Average, Canada, CAN
-24.142, 1976, Jan Average, Canada, CAN
-23.668, 1976, Feb Average, Canada, CAN
-20.067, 1976, Mar Average, Canada, CAN
-7.1204, 1976, Apr Average, Canada, CAN
0.30612, 1976, May Average, Canada, CAN
7.25431, 1976, Jun Average, Canada, CAN
11.1898, 1976, Jul Average, Canada, CAN
9.57152, 1976, Aug Average, Canada, CAN
4.51206, 1976, Sep Average, Canada, CAN
-5.1781, 1976, Oct Average, Canada, CAN
-13.302, 1976, Nov Average, Canada, CAN
-22.654, 1976, Dec Average, Canada, CAN
-21.066, 1977, Jan Average, Canada, CAN
-19.836, 1977, Feb Average, Canada, CAN
-16.35, 1977, Mar Average, Canada, CAN
-7.8765, 1977, Apr Average, Canada, CAN
1.54622, 1977, May Average, Canada, CAN
7.95252, 1977, Jun Average, Canada, CAN
10.7668, 1977, Jul Average, Canada, CAN
9.19005, 1977, Aug Average, Canada, CAN
4.05278, 1977, Sep Average, Canada, CAN
-2.9169, 1977, Oct Average, Canada, CAN
-13.852, 1977, Nov Average, Canada, CAN
-23.743, 1977, Dec Average, Canada, CAN
-24.226, 1978, Jan Average, Canada, CAN
-19.712, 1978, Feb Average, Canada, CAN
-19.407, 1978, Mar Average, Canada, CAN
-10.158, 1978, Apr Average, Canada, CAN
-0.6173, 1978, May Average, Canada, CAN
6.0433, 1978, Jun Average, Canada, CAN
10.3079, 1978, Jul Average, Canada, CAN
8.68397, 1978, Aug Average, Canada, CAN
3.37542, 1978, Sep Average, Canada, CAN
-6.5219, 1978, Oct Average, Canada, CAN
-16.318, 1978, Nov Average, Canada, CAN
-20.41, 1978, Dec Average, Canada, CAN
-23.26, 1979, Jan Average, Canada, CAN
-30.104, 1979, Feb Average, Canada, CAN
-18.966, 1979, Mar Average, Canada, CAN
-9.9584, 1979, Apr Average, Canada, CAN
-0.1377, 1979, May Average, Canada, CAN
6.63868, 1979, Jun Average, Canada, CAN
11.7178, 1979, Jul Average, Canada, CAN
8.97688, 1979, Aug Average, Canada, CAN
3.65282, 1979, Sep Average, Canada, CAN
-4.2258, 1979, Oct Average, Canada, CAN
-12.068, 1979, Nov Average, Canada, CAN
-19.641, 1979, Dec Average, Canada, CAN
-23.949, 1980, Jan Average, Canada, CAN
-20.006, 1980, Feb Average, Canada, CAN
-17.805, 1980, Mar Average, Canada, CAN
-8.0877, 1980, Apr Average, Canada, CAN
1.69982, 1980, May Average, Canada, CAN
7.28118, 1980, Jun Average, Canada, CAN
10.8725, 1980, Jul Average, Canada, CAN
10.0146, 1980, Aug Average, Canada, CAN
2.21258, 1980, Sep Average, Canada, CAN
-3.1291, 1980, Oct Average, Canada, CAN
-12.741, 1980, Nov Average, Canada, CAN
-24.257, 1980, Dec Average, Canada, CAN
-18.278, 1981, Jan Average, Canada, CAN
-19.211, 1981, Feb Average, Canada, CAN
-13.994, 1981, Mar Average, Canada, CAN
-10.378, 1981, Apr Average, Canada, CAN
1.08804, 1981, May Average, Canada, CAN
7.26407, 1981, Jun Average, Canada, CAN
11.617, 1981, Jul Average, Canada, CAN
10.859, 1981, Aug Average, Canada, CAN
4.36145, 1981, Sep Average, Canada, CAN
-3.4806, 1981, Oct Average, Canada, CAN
-10.654, 1981, Nov Average, Canada, CAN
-18.561, 1981, Dec Average, Canada, CAN
-28.347, 1982, Jan Average, Canada, CAN
-24.307, 1982, Feb Average, Canada, CAN
-19.772, 1982, Mar Average, Canada, CAN
-11.68, 1982, Apr Average, Canada, CAN
-0.4453, 1982, May Average, Canada, CAN
7.18906, 1982, Jun Average, Canada, CAN
11.4828, 1982, Jul Average, Canada, CAN
8.44477, 1982, Aug Average, Canada, CAN
3.78436, 1982, Sep Average, Canada, CAN
-4.0497, 1982, Oct Average, Canada, CAN
-16.704, 1982, Nov Average, Canada, CAN
-21.955, 1982, Dec Average, Canada, CAN
-24.003, 1983, Jan Average, Canada, CAN
-23.236, 1983, Feb Average, Canada, CAN
-18.749, 1983, Mar Average, Canada, CAN
-9.3896, 1983, Apr Average, Canada, CAN
-2.607, 1983, May Average, Canada, CAN
8.0441, 1983, Jun Average, Canada, CAN
11.4001, 1983, Jul Average, Canada, CAN
10.3634, 1983, Aug Average, Canada, CAN
4.19728, 1983, Sep Average, Canada, CAN
-4.2586, 1983, Oct Average, Canada, CAN
-11.596, 1983, Nov Average, Canada, CAN
-23.561, 1983, Dec Average, Canada, CAN
-25.034, 1984, Jan Average, Canada, CAN
-20.555, 1984, Feb Average, Canada, CAN
-18.094, 1984, Mar Average, Canada, CAN
-7.3443, 1984, Apr Average, Canada, CAN
0.34567, 1984, May Average, Canada, CAN
8.11812, 1984, Jun Average, Canada, CAN
11.7815, 1984, Jul Average, Canada, CAN
10.292, 1984, Aug Average, Canada, CAN
2.49626, 1984, Sep Average, Canada, CAN
-4.3724, 1984, Oct Average, Canada, CAN
-15.297, 1984, Nov Average, Canada, CAN
-24.386, 1984, Dec Average, Canada, CAN
-20.929, 1985, Jan Average, Canada, CAN
-25.172, 1985, Feb Average, Canada, CAN
-17.667, 1985, Mar Average, Canada, CAN
-10.932, 1985, Apr Average, Canada, CAN
0.91549, 1985, May Average, Canada, CAN
7.59738, 1985, Jun Average, Canada, CAN
10.8884, 1985, Jul Average, Canada, CAN
8.92898, 1985, Aug Average, Canada, CAN
4.05695, 1985, Sep Average, Canada, CAN
-4.7472, 1985, Oct Average, Canada, CAN
-17.363, 1985, Nov Average, Canada, CAN
-18.908, 1985, Dec Average, Canada, CAN
-22.694, 1986, Jan Average, Canada, CAN
-21.273, 1986, Feb Average, Canada, CAN
-18.394, 1986, Mar Average, Canada, CAN
-9.7442, 1986, Apr Average, Canada, CAN
0.73193, 1986, May Average, Canada, CAN
6.23032, 1986, Jun Average, Canada, CAN
10.6192, 1986, Jul Average, Canada, CAN
9.14045, 1986, Aug Average, Canada, CAN
2.98315, 1986, Sep Average, Canada, CAN
-5.5232, 1986, Oct Average, Canada, CAN
-17.847, 1986, Nov Average, Canada, CAN
-18.786, 1986, Dec Average, Canada, CAN
-20.816, 1987, Jan Average, Canada, CAN
-20.743, 1987, Feb Average, Canada, CAN
-17.688, 1987, Mar Average, Canada, CAN
-8.4067, 1987, Apr Average, Canada, CAN
-0.5596, 1987, May Average, Canada, CAN
7.76676, 1987, Jun Average, Canada, CAN
11.4372, 1987, Jul Average, Canada, CAN
8.80918, 1987, Aug Average, Canada, CAN
5.26737, 1987, Sep Average, Canada, CAN
-3.6923, 1987, Oct Average, Canada, CAN
-12.837, 1987, Nov Average, Canada, CAN
-16.686, 1987, Dec Average, Canada, CAN
-24.537, 1988, Jan Average, Canada, CAN
-22.672, 1988, Feb Average, Canada, CAN
-15.526, 1988, Mar Average, Canada, CAN
-7.1152, 1988, Apr Average, Canada, CAN
0.62531, 1988, May Average, Canada, CAN
8.17673, 1988, Jun Average, Canada, CAN
11.8185, 1988, Jul Average, Canada, CAN
10.3837, 1988, Aug Average, Canada, CAN
4.31335, 1988, Sep Average, Canada, CAN
-3.4239, 1988, Oct Average, Canada, CAN
-14.518, 1988, Nov Average, Canada, CAN
-20.989, 1988, Dec Average, Canada, CAN
-25.308, 1989, Jan Average, Canada, CAN
-22.621, 1989, Feb Average, Canada, CAN
-21.288, 1989, Mar Average, Canada, CAN
-8.429, 1989, Apr Average, Canada, CAN
-0.5109, 1989, May Average, Canada, CAN
8.32968, 1989, Jun Average, Canada, CAN
12.2875, 1989, Jul Average, Canada, CAN
10.7646, 1989, Aug Average, Canada, CAN
4.20281, 1989, Sep Average, Canada, CAN
-4.3377, 1989, Oct Average, Canada, CAN
-16.656, 1989, Nov Average, Canada, CAN
-22.299, 1989, Dec Average, Canada, CAN
-23.769, 1990, Jan Average, Canada, CAN
-26.31, 1990, Feb Average, Canada, CAN
-15.32, 1990, Mar Average, Canada, CAN
-8.6095, 1990, Apr Average, Canada, CAN
0.20027, 1990, May Average, Canada, CAN
7.89296, 1990, Jun Average, Canada, CAN
11.8204, 1990, Jul Average, Canada, CAN
9.81256, 1990, Aug Average, Canada, CAN
4.12654, 1990, Sep Average, Canada, CAN
-5.4411, 1990, Oct Average, Canada, CAN
-16.389, 1990, Nov Average, Canada, CAN
-24.01, 1990, Dec Average, Canada, CAN
-26.045, 1991, Jan Average, Canada, CAN
-21.036, 1991, Feb Average, Canada, CAN
-17.792, 1991, Mar Average, Canada, CAN
-8.017, 1991, Apr Average, Canada, CAN
1.2486, 1991, May Average, Canada, CAN
8.49863, 1991, Jun Average, Canada, CAN
11.59, 1991, Jul Average, Canada, CAN
10.5824, 1991, Aug Average, Canada, CAN
3.77629, 1991, Sep Average, Canada, CAN
-5.4733, 1991, Oct Average, Canada, CAN
-14.711, 1991, Nov Average, Canada, CAN
-21.206, 1991, Dec Average, Canada, CAN
-22.319, 1992, Jan Average, Canada, CAN
-23.093, 1992, Feb Average, Canada, CAN
-16.191, 1992, Mar Average, Canada, CAN
-10.726, 1992, Apr Average, Canada, CAN
-1.0934, 1992, May Average, Canada, CAN
6.44914, 1992, Jun Average, Canada, CAN
10.1349, 1992, Jul Average, Canada, CAN
9.14015, 1992, Aug Average, Canada, CAN
2.35618, 1992, Sep Average, Canada, CAN
-4.4614, 1992, Oct Average, Canada, CAN
-13.408, 1992, Nov Average, Canada, CAN
-21.939, 1992, Dec Average, Canada, CAN
-23.408, 1993, Jan Average, Canada, CAN
-23.114, 1993, Feb Average, Canada, CAN
-16.475, 1993, Mar Average, Canada, CAN
-8.6535, 1993, Apr Average, Canada, CAN
1.17711, 1993, May Average, Canada, CAN
7.7323, 1993, Jun Average, Canada, CAN
11.4595, 1993, Jul Average, Canada, CAN
9.72543, 1993, Aug Average, Canada, CAN
3.16538, 1993, Sep Average, Canada, CAN
-3.8782, 1993, Oct Average, Canada, CAN
-15.153, 1993, Nov Average, Canada, CAN
-19.856, 1993, Dec Average, Canada, CAN
-26.802, 1994, Jan Average, Canada, CAN
-26.207, 1994, Feb Average, Canada, CAN
-16.623, 1994, Mar Average, Canada, CAN
-9.3534, 1994, Apr Average, Canada, CAN
1.05245, 1994, May Average, Canada, CAN
8.63782, 1994, Jun Average, Canada, CAN
12.2052, 1994, Jul Average, Canada, CAN
10.1797, 1994, Aug Average, Canada, CAN
4.65531, 1994, Sep Average, Canada, CAN
-2.1961, 1994, Oct Average, Canada, CAN
-13.056, 1994, Nov Average, Canada, CAN
-19.491, 1994, Dec Average, Canada, CAN
-21.556, 1995, Jan Average, Canada, CAN
-23.17, 1995, Feb Average, Canada, CAN
-18.469, 1995, Mar Average, Canada, CAN
-7.4833, 1995, Apr Average, Canada, CAN
0.92683, 1995, May Average, Canada, CAN
9.35252, 1995, Jun Average, Canada, CAN
11.2072, 1995, Jul Average, Canada, CAN
10.0106, 1995, Aug Average, Canada, CAN
4.23431, 1995, Sep Average, Canada, CAN
-3.7493, 1995, Oct Average, Canada, CAN
-14.621, 1995, Nov Average, Canada, CAN
-21.957, 1995, Dec Average, Canada, CAN
-27.103, 1996, Jan Average, Canada, CAN
-21.012, 1996, Feb Average, Canada, CAN
-19.204, 1996, Mar Average, Canada, CAN
-9.212, 1996, Apr Average, Canada, CAN
-0.9641, 1996, May Average, Canada, CAN
8.13306, 1996, Jun Average, Canada, CAN
11.6808, 1996, Jul Average, Canada, CAN
9.58337, 1996, Aug Average, Canada, CAN
4.1813, 1996, Sep Average, Canada, CAN
-5.496, 1996, Oct Average, Canada, CAN
-14.427, 1996, Nov Average, Canada, CAN
-20.368, 1996, Dec Average, Canada, CAN
-24.75, 1997, Jan Average, Canada, CAN
-22.087, 1997, Feb Average, Canada, CAN
-19.533, 1997, Mar Average, Canada, CAN
-9.5683, 1997, Apr Average, Canada, CAN
-0.4172, 1997, May Average, Canada, CAN
8.08011, 1997, Jun Average, Canada, CAN
11.8753, 1997, Jul Average, Canada, CAN
9.82408, 1997, Aug Average, Canada, CAN
4.63351, 1997, Sep Average, Canada, CAN
-5.165, 1997, Oct Average, Canada, CAN
-11.688, 1997, Nov Average, Canada, CAN
-17.085, 1997, Dec Average, Canada, CAN
-25.281, 1998, Jan Average, Canada, CAN
-19.185, 1998, Feb Average, Canada, CAN
-16.37, 1998, Mar Average, Canada, CAN
-5.8479, 1998, Apr Average, Canada, CAN
2.69854, 1998, May Average, Canada, CAN
9.22056, 1998, Jun Average, Canada, CAN
12.8029, 1998, Jul Average, Canada, CAN
11.3447, 1998, Aug Average, Canada, CAN
5.69249, 1998, Sep Average, Canada, CAN
-2.1663, 1998, Oct Average, Canada, CAN
-10.505, 1998, Nov Average, Canada, CAN
-18.317, 1998, Dec Average, Canada, CAN
-23.951, 1999, Jan Average, Canada, CAN
-19.867, 1999, Feb Average, Canada, CAN
-14.773, 1999, Mar Average, Canada, CAN
-7.1377, 1999, Apr Average, Canada, CAN
0.38315, 1999, May Average, Canada, CAN
7.9953, 1999, Jun Average, Canada, CAN
11.076, 1999, Jul Average, Canada, CAN
10.4447, 1999, Aug Average, Canada, CAN
4.81506, 1999, Sep Average, Canada, CAN
-4.4399, 1999, Oct Average, Canada, CAN
-11.639, 1999, Nov Average, Canada, CAN
-18.432, 1999, Dec Average, Canada, CAN
-23.767, 2000, Jan Average, Canada, CAN
-20.143, 2000, Feb Average, Canada, CAN
-14.731, 2000, Mar Average, Canada, CAN
-9.269, 2000, Apr Average, Canada, CAN
-0.5437, 2000, May Average, Canada, CAN
7.07799, 2000, Jun Average, Canada, CAN
11.9509, 2000, Jul Average, Canada, CAN
9.59975, 2000, Aug Average, Canada, CAN
3.44001, 2000, Sep Average, Canada, CAN
-3.8811, 2000, Oct Average, Canada, CAN
-12.423, 2000, Nov Average, Canada, CAN
-21.843, 2000, Dec Average, Canada, CAN
-20.382, 2001, Jan Average, Canada, CAN
-22.806, 2001, Feb Average, Canada, CAN
-16.292, 2001, Mar Average, Canada, CAN
-8.7747, 2001, Apr Average, Canada, CAN
0.70346, 2001, May Average, Canada, CAN
7.69781, 2001, Jun Average, Canada, CAN
11.9485, 2001, Jul Average, Canada, CAN
10.6851, 2001, Aug Average, Canada, CAN
5.46594, 2001, Sep Average, Canada, CAN
-3.8514, 2001, Oct Average, Canada, CAN
-11.9, 2001, Nov Average, Canada, CAN
-17.347, 2001, Dec Average, Canada, CAN
-22.522, 2002, Jan Average, Canada, CAN
-23.001, 2002, Feb Average, Canada, CAN
-20.418, 2002, Mar Average, Canada, CAN
-11.593, 2002, Apr Average, Canada, CAN
-1.5257, 2002, May Average, Canada, CAN
7.97074, 2002, Jun Average, Canada, CAN
11.5164, 2002, Jul Average, Canada, CAN
9.82803, 2002, Aug Average, Canada, CAN
4.86811, 2002, Sep Average, Canada, CAN
-4.0068, 2002, Oct Average, Canada, CAN
-12.222, 2002, Nov Average, Canada, CAN
-15.92, 2002, Dec Average, Canada, CAN
-21.163, 2003, Jan Average, Canada, CAN
-24.499, 2003, Feb Average, Canada, CAN
-19.449, 2003, Mar Average, Canada, CAN
-9.1842, 2003, Apr Average, Canada, CAN
0.95402, 2003, May Average, Canada, CAN
7.53927, 2003, Jun Average, Canada, CAN
12.1283, 2003, Jul Average, Canada, CAN
10.5406, 2003, Aug Average, Canada, CAN
4.98085, 2003, Sep Average, Canada, CAN
-1.9209, 2003, Oct Average, Canada, CAN
-13.107, 2003, Nov Average, Canada, CAN
-17.728, 2003, Dec Average, Canada, CAN
-26.04, 2004, Jan Average, Canada, CAN
-21.278, 2004, Feb Average, Canada, CAN
-19.104, 2004, Mar Average, Canada, CAN
-9.3776, 2004, Apr Average, Canada, CAN
-1.5075, 2004, May Average, Canada, CAN
7.2155, 2004, Jun Average, Canada, CAN
11.359, 2004, Jul Average, Canada, CAN
9.25925, 2004, Aug Average, Canada, CAN
3.74471, 2004, Sep Average, Canada, CAN
-3.8439, 2004, Oct Average, Canada, CAN
-12.985, 2004, Nov Average, Canada, CAN
-22.368, 2004, Dec Average, Canada, CAN
-24.408, 2005, Jan Average, Canada, CAN
-20.915, 2005, Feb Average, Canada, CAN
-16.11, 2005, Mar Average, Canada, CAN
-6.7211, 2005, Apr Average, Canada, CAN
1.10505, 2005, May Average, Canada, CAN
8.32033, 2005, Jun Average, Canada, CAN
11.251, 2005, Jul Average, Canada, CAN
10.1182, 2005, Aug Average, Canada, CAN
4.53055, 2005, Sep Average, Canada, CAN
-2.3815, 2005, Oct Average, Canada, CAN
-11.452, 2005, Nov Average, Canada, CAN
-17.529, 2005, Dec Average, Canada, CAN
-20.131, 2006, Jan Average, Canada, CAN
-19.681, 2006, Feb Average, Canada, CAN
-15.406, 2006, Mar Average, Canada, CAN
-6.7229, 2006, Apr Average, Canada, CAN
2.40538, 2006, May Average, Canada, CAN
9.25561, 2006, Jun Average, Canada, CAN
12.127, 2006, Jul Average, Canada, CAN
10.5296, 2006, Aug Average, Canada, CAN
5.58873, 2006, Sep Average, Canada, CAN
-2.9962, 2006, Oct Average, Canada, CAN
-14.24, 2006, Nov Average, Canada, CAN
-16.335, 2006, Dec Average, Canada, CAN
-21.003, 2007, Jan Average, Canada, CAN
-22.507, 2007, Feb Average, Canada, CAN
-19.143, 2007, Mar Average, Canada, CAN
-7.8465, 2007, Apr Average, Canada, CAN
-0.4438, 2007, May Average, Canada, CAN
8.14116, 2007, Jun Average, Canada, CAN
12.8729, 2007, Jul Average, Canada, CAN
9.85352, 2007, Aug Average, Canada, CAN
3.66926, 2007, Sep Average, Canada, CAN
-2.8281, 2007, Oct Average, Canada, CAN
-13.79, 2007, Nov Average, Canada, CAN
-21.069, 2007, Dec Average, Canada, CAN
-23.281, 2008, Jan Average, Canada, CAN
-23.979, 2008, Feb Average, Canada, CAN
-19.742, 2008, Mar Average, Canada, CAN
-9.0775, 2008, Apr Average, Canada, CAN
1.28765, 2008, May Average, Canada, CAN
8.20457, 2008, Jun Average, Canada, CAN
11.9332, 2008, Jul Average, Canada, CAN
10.2736, 2008, Aug Average, Canada, CAN
4.01448, 2008, Sep Average, Canada, CAN
-2.6661, 2008, Oct Average, Canada, CAN
-11.73, 2008, Nov Average, Canada, CAN
-23.026, 2008, Dec Average, Canada, CAN
-23.226, 2009, Jan Average, Canada, CAN
-22.483, 2009, Feb Average, Canada, CAN
-20.123, 2009, Mar Average, Canada, CAN
-8.7509, 2009, Apr Average, Canada, CAN
-1.2401, 2009, May Average, Canada, CAN
7.60152, 2009, Jun Average, Canada, CAN
11.3654, 2009, Jul Average, Canada, CAN
10.3043, 2009, Aug Average, Canada, CAN
5.8091, 2009, Sep Average, Canada, CAN
-4.9187, 2009, Oct Average, Canada, CAN
-10.45, 2009, Nov Average, Canada, CAN
-19.083, 2009, Dec Average, Canada, CAN
-20.737, 2010, Jan Average, Canada, CAN
-17.658, 2010, Feb Average, Canada, CAN
-13.016, 2010, Mar Average, Canada, CAN
-4.5552, 2010, Apr Average, Canada, CAN
0.6699, 2010, May Average, Canada, CAN
7.99525, 2010, Jun Average, Canada, CAN
12.2206, 2010, Jul Average, Canada, CAN
10.9423, 2010, Aug Average, Canada, CAN
4.27929, 2010, Sep Average, Canada, CAN
-1.8049, 2010, Oct Average, Canada, CAN
-10.742, 2010, Nov Average, Canada, CAN
-17.834, 2010, Dec Average, Canada, CAN
-21.626, 2011, Jan Average, Canada, CAN
-22.255, 2011, Feb Average, Canada, CAN
-18.008, 2011, Mar Average, Canada, CAN
-10.756, 2011, Apr Average, Canada, CAN
0.6981, 2011, May Average, Canada, CAN
8.02073, 2011, Jun Average, Canada, CAN
12.1829, 2011, Jul Average, Canada, CAN
10.8473, 2011, Aug Average, Canada, CAN
5.29899, 2011, Sep Average, Canada, CAN
-2.2322, 2011, Oct Average, Canada, CAN
-12.909, 2011, Nov Average, Canada, CAN
-17.781, 2011, Dec Average, Canada, CAN
-22.644, 2012, Jan Average, Canada, CAN
-18.766, 2012, Feb Average, Canada, CAN
-16.421, 2012, Mar Average, Canada, CAN
-8.3296, 2012, Apr Average, Canada, CAN
1.41509, 2012, May Average, Canada, CAN
9.05884, 2012, Jun Average, Canada, CAN
12.9856, 2012, Jul Average, Canada, CAN
11.0008, 2012, Aug Average, Canada, CAN
6.14519, 2012, Sep Average, Canada, CAN
-4.2614, 2012, Oct Average, Canada, CAN
-14.457, 2012, Nov Average, Canada, CAN
-20.513, 2012, Dec Average, Canada, CAN
-23.274, 2013, Jan Average, Canada, CAN
-21.793, 2013, Feb Average, Canada, CAN
-16.565, 2013, Mar Average, Canada, CAN
-10.353, 2013, Apr Average, Canada, CAN
-0.0042, 2013, May Average, Canada, CAN
8.53396, 2013, Jun Average, Canada, CAN
11.2572, 2013, Jul Average, Canada, CAN
10.2833, 2013, Aug Average, Canada, CAN
4.93302, 2013, Sep Average, Canada, CAN
-2.2488, 2013, Oct Average, Canada, CAN
-14.435, 2013, Nov Average, Canada, CAN
-23.914, 2013, Dec Average, Canada, CAN
-21.165, 2014, Jan Average, Canada, CAN
-23.899, 2014, Feb Average, Canada, CAN
-20.401, 2014, Mar Average, Canada, CAN
-10.764, 2014, Apr Average, Canada, CAN
1.02454, 2014, May Average, Canada, CAN
8.62703, 2014, Jun Average, Canada, CAN
12.3595, 2014, Jul Average, Canada, CAN
10.5958, 2014, Aug Average, Canada, CAN
4.00952, 2014, Sep Average, Canada, CAN
-2.7099, 2014, Oct Average, Canada, CAN
-14.308, 2014, Nov Average, Canada, CAN
-18.014, 2014, Dec Average, Canada, CAN
-22.462, 2015, Jan Average, Canada, CAN
-24.541, 2015, Feb Average, Canada, CAN
-17.645, 2015, Mar Average, Canada, CAN
-9.1398, 2015, Apr Average, Canada, CAN
0.75926, 2015, May Average, Canada, CAN
8.19776, 2015, Jun Average, Canada, CAN
12.0246, 2015, Jul Average, Canada, CAN
10.5398, 2015, Aug Average, Canada, CAN
4.69675, 2015, Sep Average, Canada, CAN
-3.4106, 2015, Oct Average, Canada, CAN
-12.083, 2015, Nov Average, Canada, CAN
-18.384, 2015, Dec Average, Canada, CAN
-19.128, 2016, Jan Average, Canada, CAN
-19.997, 2016, Feb Average, Canada, CAN
-15.174, 2016, Mar Average, Canada, CAN
-9.3411, 2016, Apr Average, Canada, CAN
2.05738, 2016, May Average, Canada, CAN
8.59, 2016, Jun Average, Canada, CAN
12.023, 2016, Jul Average, Canada, CAN
10.9239, 2016, Aug Average, Canada, CAN
5.10525, 2016, Sep Average, Canada, CAN
-4.0432, 2016, Oct Average, Canada, CAN
-9.6162, 2016, Nov Average, Canada, CAN
-20.984, 2016, Dec Average, Canada, CAN
